{
  "timestamp": "2026-03-07T21:43:21.063666",
  "grid_size": "20x20",
  "high_risk_grids": [
    71,
    386,
    218,
    278,
    56,
    36,
    89,
    40,
    326,
    109,
    144,
    171,
    22,
    14,
    369,
    304,
    181,
    313,
    157,
    174
  ],
  "constraints": {
    "total_patrol": 10,
    "total_camps": 3,
    "max_rangers_per_camp": 3,
    "total_cameras": 6,
    "total_drones": 5,
    "total_fence_length": 0
  },
  "best_fitness": 0.48072612989052865,
  "protection_over_time": [
    0.4756470404831202,
    0.4751991839102102,
    0.4773259624023084,
    0.4783005108622139,
    0.47741469849841145,
    0.48318254240303604,
    0.4767086122666214,
    0.4792713022009753,
    0.477045008291176,
    0.4618226346830231,
    0.4754013767232583,
    0.4597031434466342,
    0.4696744222356295,
    0.45192055100527295,
    0.47577882117989523,
    0.44421734598241364,
    0.4679911755821409,
    0.47684316466975496,
    0.4766709191691724,
    0.47945120228996263,
    0.4731836000228455,
    0.4828370341202538,
    0.4752630743371952,
    0.47857260371601856
  ],
  "avg_protection": 0.4728927471033977,
  "min_protection": 0.44421734598241364,
  "max_protection": 0.48318254240303604,
  "min_staffing": 1,
  "target_protection": 0.4,
  "time_steps": 24
}