{
  "timestamp": "2026-03-07T19:13:57.228584",
  "grid_size": "20x20",
  "high_risk_grids": [
    303,
    96,
    34,
    398,
    97,
    327,
    69,
    370,
    166,
    197,
    148,
    164,
    355,
    99,
    229,
    290,
    222,
    285,
    159,
    14
  ],
  "constraints": {
    "total_patrol": 10,
    "total_camps": 3,
    "max_rangers_per_camp": 3,
    "total_cameras": 6,
    "total_drones": 5,
    "total_fence_length": 0
  },
  "best_fitness": 0.4976576139529455,
  "protection_over_time": [
    0.4955621076216425,
    0.49832089334179486,
    0.49684677636207464,
    0.49900561799748366,
    0.47222037615648677,
    0.48968470776256784,
    0.49634823858915145,
    0.4774099831261179,
    0.497980632574726,
    0.46818939091163614,
    0.49629872482792586,
    0.4928320102024399,
    0.49229835125892374,
    0.48394976331505807,
    0.49615000360514605,
    0.4986066560428485,
    0.4812973229078981,
    0.4836706115046513,
    0.49639146768852516,
    0.46152949960491074,
    0.48159495756127957,
    0.49652139852068383,
    0.49610949214800526,
    0.49915830012665136
  ],
  "avg_protection": 0.4894990534899429,
  "min_protection": 0.46152949960491074,
  "max_protection": 0.49915830012665136,
  "min_staffing": 1,
  "target_protection": 0.4,
  "time_steps": 24
}