{
  "best_fitness": 26.841215889249447,
  "fitness_history": [
    26.693911091680498,
    26.693911091680498,
    26.693911091680498,
    26.693911091680498,
    26.693911091680498,
    26.693911091680498,
    26.693911091680498,
    26.693911091680498,
    26.693911091680498,
    26.693911091680498,
    26.693911091680498,
    26.693911091680498,
    26.693911091680498,
    26.693911091680498,
    26.693911091680498,
    26.693911091680498,
    26.693911091680498,
    26.693911091680498,
    26.693911091680498,
    26.693911091680498,
    26.693911091680498,
    26.693911091680498,
    26.693911091680498,
    26.693911091680498,
    26.693911091680498,
    26.693911091680498,
    26.693911091680498,
    26.693911091680498,
    26.704994625030302,
    26.704994625030302,
    26.704994625030302,
    26.704994625030302,
    26.704994625030302,
    26.704994625030302,
    26.704994625030302,
    26.704994625030302,
    26.704994625030302,
    26.704994625030302,
    26.704994625030302,
    26.748083342374354,
    26.748083342374354,
    26.748083342374354,
    26.748083342374354,
    26.748083342374354,
    26.748083342374354,
    26.748083342374354,
    26.748083342374354,
    26.748083342374354,
    26.778961428884458,
    26.778961428884458,
    26.778961428884458,
    26.778961428884458,
    26.841215889249447,
    26.841215889249447,
    26.841215889249447,
    26.841215889249447,
    26.841215889249447,
    26.841215889249447,
    26.841215889249447,
    26.841215889249447,
    26.841215889249447,
    26.841215889249447,
    26.841215889249447,
    26.841215889249447,
    26.841215889249447,
    26.841215889249447,
    26.841215889249447,
    26.841215889249447,
    26.841215889249447,
    26.841215889249447,
    26.841215889249447,
    26.841215889249447,
    26.841215889249447,
    26.841215889249447,
    26.841215889249447,
    26.841215889249447,
    26.841215889249447,
    26.841215889249447,
    26.841215889249447,
    26.841215889249447,
    26.841215889249447,
    26.841215889249447,
    26.841215889249447,
    26.841215889249447,
    26.841215889249447,
    26.841215889249447,
    26.841215889249447,
    26.841215889249447,
    26.841215889249447,
    26.841215889249447,
    26.841215889249447,
    26.841215889249447,
    26.841215889249447,
    26.841215889249447,
    26.841215889249447,
    26.841215889249447,
    26.841215889249447,
    26.841215889249447,
    26.841215889249447,
    26.841215889249447,
    26.841215889249447
  ],
  "solution_stats": {
    "total_cameras": 10,
    "total_drones": 3,
    "total_camps": 5,
    "total_rangers": 16,
    "total_fence_length": 22,
    "camera_locations": [
      2,
      5,
      8,
      23,
      56,
      66,
      88,
      93,
      98,
      101
    ],
    "drone_locations": [
      3,
      70,
      99
    ],
    "camp_locations": [
      26,
      34,
      54,
      90,
      106
    ],
    "fence_edges": [
      [
        0,
        1
      ],
      [
        1,
        2
      ],
      [
        4,
        5
      ],
      [
        7,
        8
      ],
      [
        8,
        9
      ],
      [
        9,
        10
      ],
      [
        10,
        11
      ],
      [
        11,
        23
      ],
      [
        23,
        35
      ],
      [
        48,
        60
      ],
      [
        59,
        71
      ],
      [
        60,
        72
      ],
      [
        71,
        83
      ],
      [
        72,
        84
      ],
      [
        83,
        95
      ],
      [
        84,
        96
      ],
      [
        95,
        107
      ],
      [
        96,
        108
      ],
      [
        107,
        118
      ],
      [
        107,
        119
      ],
      [
        112,
        113
      ],
      [
        118,
        119
      ]
    ]
  },
  "grid_count": 120,
  "terrain_distribution": {
    "DenseGrass": 34,
    "SparseGrass": 46,
    "SaltMarsh": 15,
    "WaterHole": 15,
    "Road": 10
  }
}